Title,Company,City,State,lowPay,hightPay,Equity,latitude,longitude,Posted,Link,Timestamp
Senior Systems Engineer/Cloud,Atomwise,San Francisco,California,-1,-1,True,-1,-1, Posted 2 days ago,https://www.stackoverflow.com/jobs/351350/senior-systems-engineer-cloud-atomwise,02 17 2020  18:15:45
Senior Systems Engineer/Cloud,Atomwise,San Francisco,California,-1,-1,True,-1,-1, Posted 4 hours ago,https://www.stackoverflow.com/jobs/352086/senior-systems-engineer-cloud-atomwise,02 17 2020  18:15:46
Senior Software Engineer/Cloud,Atomwise,San Francisco,California,-1,-1,True,-1,-1, Posted 4 hours ago,https://www.stackoverflow.com/jobs/352085/senior-software-engineer-cloud-atomwise,02 17 2020  18:15:48
Senior Software Engineer/Cloud,Atomwise,San Francisco,California,-1,-1,True,-1,-1, Posted 4 hours ago,https://www.stackoverflow.com/jobs/352084/senior-software-engineer-cloud-atomwise,02 17 2020  18:15:50
Senior Software Engineer/Cloud,Atomwise,San Francisco,California,-1,-1,True,-1,-1, Posted 4 hours ago,https://www.stackoverflow.com/jobs/352083/senior-software-engineer-cloud-atomwise,02 17 2020  18:15:51
Senior Systems Engineer/Cloud,Atomwise,San Francisco,California,-1,-1,True,-1,-1, Posted 4 hours ago,https://www.stackoverflow.com/jobs/352082/senior-systems-engineer-cloud-atomwise,02 17 2020  18:15:53
Full Stack Developer,Peterson Technology Partners,Chicago,Illinois,-1,-1,False,-1,-1, Posted 5 hours ago,https://www.stackoverflow.com/jobs/334656/full-stack-developer-peterson-technology-partners,02 17 2020  18:15:55
Data Scientist - Schmidt DataX Project,DataX at Princeton University,Princeton,New Jersey,-1,-1,False,-1,-1, Posted 8 hours ago,https://www.stackoverflow.com/jobs/290310/data-scientist-schmidt-datax-project-datax-at-princeton-university,02 17 2020  18:15:56
"Siri - Software Engineer, Sensitive Content",Apple,Cupertino,California,-1,-1,False,-1,-1, Posted 11 hours ago,https://www.stackoverflow.com/jobs/321346/siri-software-engineer-sensitive-content-apple,02 17 2020  18:15:58
"Senior Software Engineer - Product, Frontend",Beyond Limits,Glendale,California,-1,-1,False,-1,-1, Posted yesterday,https://www.stackoverflow.com/jobs/341164/senior-software-engineer-product-frontend-beyond-limits,02 17 2020  18:16:00
Lead Software Engineer - Front-End Design & Engineering,Beyond Limits,Glendale,California,-1,-1,False,-1,-1, Posted yesterday,https://www.stackoverflow.com/jobs/341151/lead-software-engineer-front-end-design-beyond-limits,02 17 2020  18:16:02
"Senior Software Engineer - Web Platform Services, Backend",Beyond Limits,Glendale,California,-1,-1,False,-1,-1, Posted yesterday,https://www.stackoverflow.com/jobs/341148/senior-software-engineer-web-platform-services-beyond-limits,02 17 2020  18:16:03
Senior Python Developer (Full-stack Developer),Nielsen Global Connect,Chicago,Illinois,-1,-1,False,-1,-1, Posted yesterday,https://www.stackoverflow.com/jobs/341136/senior-python-developer-full-stack-developer-nielsen-global-connect,02 17 2020  18:16:05
Photos - Software Engineer,Apple,Cupertino,California,-1,-1,False,-1,-1, Posted yesterday,https://www.stackoverflow.com/jobs/364066/photos-software-engineer-apple,02 17 2020  18:16:07
"Siri - Applied Scientist, Machine Learning",Apple,Seattle,Washington,-1,-1,False,-1,-1, Posted yesterday,https://www.stackoverflow.com/jobs/364742/siri-applied-scientist-machine-learning-apple,02 17 2020  18:16:08
"Siri - ML Engineering Manager, Machine Learning Systems",Apple,Seattle,Washington,-1,-1,False,-1,-1, Posted yesterday,https://www.stackoverflow.com/jobs/364741/siri-ml-engineering-manager-machine-learning-apple,02 17 2020  18:16:10
Siri Experience - Operations Lead,Apple,Cupertino,California,-1,-1,False,-1,-1, Posted yesterday,https://www.stackoverflow.com/jobs/364736/siri-experience-operations-lead-apple,02 17 2020  18:16:12
"Siri - Technical Product Leader, Siri Data & Analytics",Apple,Cupertino,California,-1,-1,False,-1,-1, Posted yesterday,https://www.stackoverflow.com/jobs/312685/siri-technical-product-leader-siri-data-apple,02 17 2020  18:16:14
"Siri - Senior Machine Learning Engineer, Siri Natural Language Understanding",Apple,Seattle,Washington,-1,-1,False,-1,-1, Posted yesterday,https://www.stackoverflow.com/jobs/359646/siri-senior-machine-learning-engineer-siri-apple,02 17 2020  18:16:16
"Software Engineer, Applied Privacy Technology",Facebook,Menlo Park,California,-1,-1,False,-1,-1, Posted 2 days ago,https://www.stackoverflow.com/jobs/358250/software-engineer-applied-privacy-technology-facebook,02 17 2020  18:16:18
"Software Engineer, AI",Facebook,Pittsburgh,Pennsylvania,-1,-1,False,-1,-1, Posted 2 days ago,https://www.stackoverflow.com/jobs/356329/software-engineer-ai-facebook,02 17 2020  18:16:20
Senior Python Developer,Nielsen Global Connect,Chicago,Illinois,-1,-1,False,-1,-1, Posted 2 days ago,https://www.stackoverflow.com/jobs/339917/senior-python-developer-nielsen-global-connect,02 17 2020  18:16:22
Site Reliability Engineer,Nielsen Global Connect,Chicago,Illinois,-1,-1,False,-1,-1, Posted 2 days ago,https://www.stackoverflow.com/jobs/339916/site-reliability-engineer-nielsen-global-connect,02 17 2020  18:16:23
Full Stack Developer,WorkBoard Inc.,Portland,Oregon,-1,-1,False,-1,-1, Posted 2 days ago,https://www.stackoverflow.com/jobs/339902/full-stack-developer-workboard-inc,02 17 2020  18:16:25
"Software Engineer, Machine Learning",Facebook,New York,New York,-1,-1,False,-1,-1, Posted 2 days ago,https://www.stackoverflow.com/jobs/353959/software-engineer-machine-learning-facebook,02 17 2020  18:16:27
"Software Engineer, Full Stack",Forward,San Francisco,California,-1,-1,False,-1,-1, Posted 3 days ago,https://www.stackoverflow.com/jobs/336573/software-engineer-full-stack-forward,02 17 2020  18:16:28
Senior Software Engineer/Cloud,Atomwise,San Francisco,California,-1,-1,True,-1,-1, Posted 2 days ago,https://www.stackoverflow.com/jobs/351345/senior-software-engineer-cloud-atomwise,02 17 2020  18:16:30
Data Scientist,Domino's Pizza,Ann Arbor,Michigan,-1,-1,False,-1,-1, Posted 2 days ago,https://www.stackoverflow.com/jobs/351296/data-scientist-dominos-pizza,02 17 2020  18:16:32
Software Web Engineer,Charles River Analytics,Watertown,Massachusetts,-1,-1,True,-1,-1, Posted 2 days ago,https://www.stackoverflow.com/jobs/305939/software-web-engineer-charles-river-analytics,02 17 2020  18:16:33
Technical Setup Engineer | Full-Time | User Research International,User Research International,Redmond,Washington,-1,-1,False,-1,-1, Posted 3 days ago,https://www.stackoverflow.com/jobs/362700/technical-setup-engineer-full-time-user-user-research-international,02 17 2020  18:16:35
Analytics Specialist - Risk Advanced Analytics,McKinsey & Company,Waltham,Massachusetts,-1,-1,False,-1,-1, Posted 3 days ago,https://www.stackoverflow.com/jobs/274804/analytics-specialist-risk-advanced-analytics-mckinsey-company,02 17 2020  18:16:36
SAP Concur- Senior DevOps Engineer,SAP,Bellevue,Washington,-1,-1,False,-1,-1, Posted 3 days ago,https://www.stackoverflow.com/jobs/364263/sap-concur-senior-devops-engineer-sap,02 17 2020  18:16:38
Senior Software Engineer,SAP,Palo Alto,California,-1,-1,False,-1,-1, Posted 3 days ago,https://www.stackoverflow.com/jobs/364259/senior-software-engineer-sap,02 17 2020  18:16:40
Senior Back-end Engineer,Telenotes,Salt Lake City,Utah,100000,120000,False,-1,-1, Posted 3 days ago,https://www.stackoverflow.com/jobs/350969/senior-back-end-engineer-telenotes,02 17 2020  18:16:42
"Senior / Lead / Principal Data Engineer, Machine Learning / Deep Learning",Salesforce,San Francisco,California,-1,-1,False,-1,-1, Posted 3 days ago,https://www.stackoverflow.com/jobs/364237/senior-lead-principal-data-engineer-machine-salesforce,02 17 2020  18:16:43
"Software Engineer, Performance Engineering (Senior/Lead/Principal)",Salesforce,Indianapolis,Indiana,-1,-1,False,-1,-1, Posted 3 days ago,https://www.stackoverflow.com/jobs/364235/software-engineer-performance-engineering-salesforce,02 17 2020  18:16:45
"Software Engineer, Performance Engineering (Senior/Lead/Principal)",Salesforce,Boston,Massachusetts,-1,-1,False,-1,-1, Posted 3 days ago,https://www.stackoverflow.com/jobs/364234/software-engineer-performance-engineering-salesforce,02 17 2020  18:16:47
"Software Engineer, Performance Engineering (Senior/Lead/Principal)",Salesforce,Seattle,Washington,-1,-1,False,-1,-1, Posted 3 days ago,https://www.stackoverflow.com/jobs/364233/software-engineer-performance-engineering-salesforce,02 17 2020  18:16:49
"Software Engineer, Performance Engineering (Senior/Lead/Principal)",Salesforce,San Francisco,California,-1,-1,False,-1,-1, Posted 3 days ago,https://www.stackoverflow.com/jobs/364232/software-engineer-performance-engineering-salesforce,02 17 2020  18:16:51
Senior Design Verification Engineer,quadric.io,Burlingame,California,135000,180000,False,-1,-1, Posted 3 days ago,https://www.stackoverflow.com/jobs/339265/senior-design-verification-engineer-quadricio,02 17 2020  18:16:52
Senior Full Stack Engineer - Back End Focused RoR,FortressIQ,San Francisco,California,-1,-1,True,-1,-1, Posted 3 days ago,https://www.stackoverflow.com/jobs/278683/senior-full-stack-engineer-back-end-focused-ror-fortressiq,02 17 2020  18:16:54
Sr. Python Developer - Immediate 6 month contract opportunity,Pacific Dental Services,Irvine,California,110000,145000,False,-1,-1, Posted 3 days ago,https://www.stackoverflow.com/jobs/271147/sr-python-developer-immediate-6-month-contract-pacific-dental-services,02 17 2020  18:16:56
"Senior Systems Administrator (Washington, D.C. or U.S. Remote)",Wallethub,Washington,,140000,200000,False,-1,-1, Posted 3 days ago,https://www.stackoverflow.com/jobs/364172/senior-systems-administrator-washington-dc-or-wallethub,02 17 2020  18:16:58
"Software Engineer, Mobile Applications",Forward,San Francisco,California,-1,-1,False,-1,-1, Posted 3 days ago,https://www.stackoverflow.com/jobs/337652/software-engineer-mobile-applications-forward,02 17 2020  18:16:59
"Software Engineer, Backend Infrastructure",Forward,San Francisco,California,-1,-1,False,-1,-1, Posted 3 days ago,https://www.stackoverflow.com/jobs/345270/software-engineer-backend-infrastructure-forward,02 17 2020  18:17:01
"Director of Engineering, Environment Understanding",Facebook,Menlo Park,California,-1,-1,False,-1,-1, Posted 4 days ago,https://www.stackoverflow.com/jobs/301227/director-of-engineering-environment-understanding-facebook,02 17 2020  18:17:03
Mid-Level Full Stack Developer (Remote Position),Solutions for Information Design,Fairfax,Virginia,-1,-1,False,-1,-1, Posted 4 days ago,https://www.stackoverflow.com/jobs/319766/mid-level-full-stack-developer-remote-position-solutions-for-information,02 17 2020  18:17:05
Response Center Analyst - Tier I,Interactions,Indianapolis,Indiana,-1,-1,False,-1,-1, Posted 4 days ago,https://www.stackoverflow.com/jobs/363689/response-center-analyst-tier-i-interactions,02 17 2020  18:17:07
Sr Software Engineer - VoIP Protocols,Interactions,New Providence,New Jersey,-1,-1,False,-1,-1, Posted 4 days ago,https://www.stackoverflow.com/jobs/341714/sr-software-engineer-voip-protocols-interactions,02 17 2020  18:17:08
Mobile Software Engineer (iOS and/or Android),Sense,Cambridge,Massachusetts,-1,-1,True,-1,-1, Posted 4 days ago,https://www.stackoverflow.com/jobs/363681/mobile-software-engineer-ios-and-or-android-sense,02 17 2020  18:17:10
Artificial Intelligence and Machine Learning Engineer,Procter & Gamble,Cincinnati,Ohio,-1,-1,False,-1,-1,10 days ago,https://www.indeed.com//pagead/clk?mo=r&ad=-6NYlbfkN0B33zOFN8GLzgQsRxgvJtNYlcIUZ-r8_DOeeUSief12Qz55-o9dfT9UdE9sGCjMKqCLiXzAgxOLIK8m_ALwddryoJBvlCsJtprivbhcNiCUNV55eDzPQdfr19UyZw4Bg9zHkU7NE7X-vPFzFkSKcGSElbagHXs_zZVMrD03JpueZM1SEF6VI6mF0Vkf4K9aJEDGKcMcfSiT-z2B8v14frc9RhE_pXC0y5eQcexcJUTrL1jHbKHF7iufvaOpqwA78P_JgaaWk822y984iBGpLIIEmAycpI6m-Mk1wwOpUeXtM6g9--cCRl7_bCKaL9oW9AWJZoZckoYYIm4MaJxknR04vY3j2eAF7gbF0Q5dUfhPnNnG8pG74AyGVkA80m64hBV02yNXE7NTnCzCUeJ-SMB94loCaHBXkQqgS3xCC0Og5AUzk0gRO-vF3VrhWVHTLa9eOO_XjdjNNCvdSCUB-WxInBV3xyl9ptc=&p=0&fvj=0&vjs=3,02 17 2020  18:15:44
Become a Software Developer. No Experience Needed,Catalyte,Chicago,Illinois,-1,-1,False,-1,-1,30+ days ago,https://www.indeed.com//pagead/clk?mo=r&ad=-6NYlbfkN0A6HPwldSVX6OGPWZzTw4TzYO7p1USA1TWZHvILz6bp-l2pMB7kcXSTBQsbDaTsw-7T5q8mDCTYDQf56RkzmjhqluJg08TkD4EcYCqKkTNqn_95i8Tw_eD1_VRHgYAkV3N3DrB2B-dZzRUMPW5lWrU9tna2vkhVGESiCV6-aQShCyjHiNu-_7KhxZJYi1yWGLenvsY6S6dHWDVGQ-r_MZFGC_P4Bq_eSxZNnQx_6w26xPUV1_QpGV-pR-QEo3PzwIi2UP53RSwO-WMByF_Z02M4iwpRs2soe7V7gwo2Gpdifxls_kji3wQEsA_arEhzd1nP4r4cRwOLWTXu-64kOFbNVzKT5DN_gbXIRu5x_ew_Oye-tRvPvTvB05KAvbM4WmPjy4AfQRcNjrGcxS6L1KonpPq2YNeOsyH-tr7lScIkshSkBjVqFQxBpWRmmzMp_vCZViAhRDc2wQMTCOOIFOI8ATIkpAb5wHg74gnkXBThZsyjKZIiWa6DRBBgASQ5PsA=&p=1&fvj=1&vjs=3,02 17 2020  18:15:44
Legal Software Sales Executive - Artificial Intelligence,1PGR,New York,New York,-1,-1,False,-1,-1,14 days ago,https://www.indeed.com//pagead/clk?mo=r&ad=-6NYlbfkN0DESHAkJp_oCfgWAqPNwfz6CVxiubfzCu8Ef-a-WJV-EQ60xgYKKIgDUkmgYFD9DHtlTDLdupH3bqYOUB3SnUJVRPbWqemo50lOqEo2NjIsevByYDZFcAWg5-z3d1coYODMeV0MJylbbbBPhIeRo9aSErMw3Vt5UY9oHJeIAIIJNeYKdZ3bqSsPHk8OaxbxSW0_HeiIwR2oBguoKtLhROS_F9-9GNPADjYCNRw2nxaaDRqeGeMvdOAAaY4J8tU_Va_ragfymeU-t5RyQDXDinpfuW2hQnNY_-tGKNpeyRcVdCC-vF0xRWP5kR3GQv3EQ_xTAAbojiEUXIY7F5qkrc6ZM-qSc7Pw-_2zLTH8PPcBshYSi2ZbfME0K8REt_pm1D0yRE23qYnf1LtVBLKaAyU74H5GOBtJTHpl0ZBPCrOCComv0FDV7IoqmqzFuQZJjHjle9YZuiV9q8UAd6wEdi5AoKQQzVjC9svNLv9qEbNJhzL_-sHtwEHbeqYpCpEzOrHFyWPQONicyw==&p=2&fvj=1&vjs=3,02 17 2020  18:15:45
Principal Software Engineer (AI),True Digital Surgery,Goleta,California,-1,-1,False,-1,-1,30+ days ago,https://www.indeed.com//pagead/clk?mo=r&ad=-6NYlbfkN0CB9JKGS5dC6IPBl_n_fJKxGMsB9WzRwq9N4rc7TQ6OHzMVechhzy1KaFOmTE4VT6sZFrm_dpIF6hv5N4-1gObdKDlZYu59jZJTgHJwwBQ-aXxj6AnNCWiu4yPMzlc0cigRJsatYhIMOra1aqVdSv9mJehkeMeWC4BaTxIc2eQfspDBck06iEDHTXZiWL8ekiLDMwezzbJaawb_8B5tVzb6Uj1QwBv69wh1dYXZBivt0gHSqgMX3RpNvxIAaCCA3QGtw8Co93B84mnNNk85DogvV_Y1Tw32Qd-iBIx9y63b_J6hqJ5ilbmxfuRlbilfwP-lqOlFPoZ5sx_rCxmYEYhq1aqNWxokL6Qc8FX0drKxjciLmWLg4pCmcGHBbrxO61fVi1Cl75-vF7O8mKRJCs-ZDaEuD0o-f08CFGxL_Hqj7z1YPru7P4EgBFxhi_4EE3yH05WgRol_R8KkH-5uPVhaJ4Xsm2Pc9pmEjHpNIMSgff8sjLZneEHU&p=3&fvj=1&vjs=3,02 17 2020  18:15:45
"HSE Manager (GPU and Artificial Intelligence Industry; Santa Clara, CA)",CBRE,Santa Clara,California,-1,-1,False,-1,-1,11 days ago,https://www.indeed.com//pagead/clk?mo=r&ad=-6NYlbfkN0DIfMLMH5eMFB6047IPcht0g7S-IdG15S1-7iIlPnvpa45StPWuaX3nQnUjMVMmzvMapaEKI_gfQtN63q5MHBUqvGNWGRhVCc0tgswTanly4s08Afg4DOB0C1nfHZm9pyL-SgFO6d7SyxSIlmhbRYAlBcu_5aK0DVqTRluL5GIwPFzd-qOnM6qEJkLZ2CV7cK305thDeLnzZVrPB_U8SqH-dKUv7NeDT1CBhXtH8s5Ca0a5lt5tyDILm_hVkOih3mvqeHJnvp2ztOO0G1-1CKqL50890DYcrFUbhD_3BHfsu5CpLNy8mQhgpcN4AABxiUIWOiABR5YioyF6XuVyq68RCcYmI7z1zqP1gnd_cfez-0_7Obp3rray2Bt7Jfaw0EwLjqQ8dUukjN4cXR_kGW8X8I7zS6yvXX7PAqrQVOpCcw==&p=4&fvj=0&vjs=3,02 17 2020  18:15:46
Artificial Intelligence (AI) / Machine Learning (ML) Scientist,Signify,Cambridge,Massachusetts,-1,-1,False,-1,-1,10 days ago,https://www.indeed.com//pagead/clk?mo=r&ad=-6NYlbfkN0D6N_YvCEOtyrASauy5EjKuXlD4b0DhlGZ_7VkOh0nBFnzUO0Ba-o-77q0n_EiIkpcEj6UDN7_Q0n6hQ9zI-cBT-V_FPCGBj7bgeKrROECBLWfBv9D6oZH4ou9J10lyxZGjMh8BtChgLY-PU92Z55NfKHfjkUUmesl-YTgO_BD7PV9w_8WsZ3doOqk5WVEBtCPmgmoUBs5mypUw8A7sHr3_w2g0-RDFjX7YdHjlB48CukwK0cv3axlQRbdLQe1Ap6VHrvF6aBd6JwR_unRpDxzPWGsBsYAPaG6mgJbh0LGI2ujj_zYN8nZBbXIPuTA4oXKEE_lG-0lecHR7ovSqfX9fG4hRssk2kJF9sOYjOjaAKjf5XChkJ9U5WjLcCfIt4VJ8ipAcHlk0NTbWdvfIXSTCgdxnXD6AFy02v_M0raz8QNbm37J8Viw_MJ3XZmpxGgQURWdrVBBVaaZFWxy3DVAvgicODFNfmGEEzGasEQXvQLQFbKAzk7c7A3T0qbomG7PNH1m8n29dPeSsVXhqqyR9dCxy5fk3uFZ5CBMh3-moK9zB8Ci6l9QhcniZ8HDPcu-oEkky47gBYqLIb3ssRq-rCNzFzdmtT3PsTHyTOI9K_5yC6LYzEaZaw6vqUMLq75ZrwG7kkP_PWMSjctK5-ARGQKJK9I8csZmbxJqss4L0Nw==&p=5&fvj=0&vjs=3,02 17 2020  18:15:46
VP of Product,Instapage,San Francisco,California,-1,-1,False,-1,-1,3 days ago,https://www.indeed.com//pagead/clk?mo=r&ad=-6NYlbfkN0BnI55edZuJQDMrSRkAf5JE4oaRLT5ka8Hl30SfI14yIODq0Qc7n-QHrkk010vU-d39ZBMHZZZyrxDkvJL6aioV_WuzYx0oiLYSRKh7ViR7o934A4l5cgT_GpV7uEuCpTqtf6-RoYtnBQy19pg3-JpE176o_7Jkw9PVO_sEQvx12GuUTgapMC9t4YJo3xby_IWYJa6Pkvtm2yfPj-XrOx_qXvwlvgZSQM96RrlpeW49x2rTgmdnAzPG7mvzR39okpBVboVpnojla0jOUAQo9qctrB06mkEl9Q8qOQfhym80f5arm2TgSFY3pLGY35G2QtSILT3Ot4FcTzGaOHxpo61MJiSvF5uMTl4umtJORrTTzZtV8W-s-GfllghaS2DOMeBkJA1HqCn7sl-Ibte_0AIPRFcxdfzyREd06Oe9nVZzIKko27xXhIYrgH8kb7yRQyv0u1GC3bD8eg==&p=6&fvj=0&vjs=3,02 17 2020  18:15:47
VP of Artificial Intelligence,Samsung SDS America,San Jose,California,-1,-1,False,-1,-1,3 days ago,https://www.indeed.com//rc/clk?jk=c7164b918abe9e3d&fccid=da3c7fed78dd1607&vjs=3,02 17 2020  18:15:47
Artificial Intelligence Engineer,IcanCAM (Client Acquisition Media),Chicago,Illinois,-1,-1,False,-1,-1,28 days ago,https://www.indeed.com//rc/clk?jk=37eec7fe5e2b153d&fccid=89012d84d5f18798&vjs=3,02 17 2020  18:15:47
Artificial Intelligence,Northwestern University,Chicago,Illinois,-1,-1,False,-1,-1,30+ days ago,https://www.indeed.com//rc/clk?jk=acc89d0f8ea81b19&fccid=bc51f56762438d6f&vjs=3,02 17 2020  18:15:48
"Research Engineer, Artificial Intelligence (University Grad)",Facebook,New York,New York,-1,-1,False,-1,-1,30+ days ago,https://www.indeed.com//rc/clk?jk=709486e8cb793480&fccid=1639254ea84748b5&vjs=3,02 17 2020  18:15:48
Mail/Office Services Associate,Swiss Post Solutions,Chicago,Illinois,-1,-1,False,-1,-1,14 days ago,https://www.indeed.com//company/Swiss-Post-Solutions/jobs/Mail-Office-Service-Associate-64331cdc69dc9563?fccid=ce533b6f8cd5c664&vjs=3,02 17 2020  18:15:49
Artificial Intelligence Engineer,"Group O, Inc.",Chicago,Illinois,-1,-1,False,-1,-1,30+ days ago,https://www.indeed.com//rc/clk?jk=e95e92a07657c7f4&fccid=0ed9b78967f936bc&vjs=3,02 17 2020  18:15:49
Copywriter / Publicist (Choose Your Own Hours),AMV,,,-1,-1,False,-1,-1,30+ days ago,https://www.indeed.com//rc/clk?jk=935970b047026814&fccid=051465c19d912a0d&vjs=3,02 17 2020  18:15:50
Predoctoral Appointee-Artificial Intelligence Methods and Tools for Multimodal Data,Argonne National Laboratory,Lemont,Illinois,-1,-1,False,-1,-1,14 days ago,https://www.indeed.com//rc/clk?jk=96bbf362571b6733&fccid=5d1506a5df73a48e&vjs=3,02 17 2020  18:15:50
2020 Artificial Intelligence/Machine Learning Graduate Summer Intern,"Williams-Sonoma, Inc.",Sonoma,,-1,-1,False,-1,-1,30+ days ago,https://www.indeed.com//rc/clk?jk=9ac7a172bda55129&fccid=cdd85c4d445cce0f&vjs=3,02 17 2020  18:15:50
Laboratory Intern - Summer 2020,Tempus,Chicago,Illinois,-1,-1,False,-1,-1,19 days ago,https://www.indeed.com//rc/clk?jk=6dec24a5d847b8c1&fccid=8525bdcf5722dd27&vjs=3,02 17 2020  18:15:51
Data Engineer,Spectrum Communications & Consulting Inc.,Chicago,Illinois,-1,-1,False,-1,-1,30+ days ago,https://www.indeed.com//pagead/clk?mo=r&ad=-6NYlbfkN0CEimXm1CJh_E-tHvxPbgZMcbhx6cgdIq9Pr1R0rMl3se-Di51xSIsork6BXSpplg8x-TGVr7ZYJi-hWjwWcFZM983NSBxQonF0T3HGbHCjmMnV-5Q_9w_0pL-kIHae9bG-DBwtRK_VIL6WHKFkznvy_SaU6MsY1spF1n4hvYcJqSmZ1ku2ovEJTkrx7Pm61-dHWQykUjRbtx4WZj8Q_BylvQqCyKt5KsWMbaNfGUxjXz0-niOHUi3zCwVx5zHDN9Rm7YFEAdZ63mDBoHLR3C6JqbRxkCJX4yf957I7VChDKAjwROYqF7-d808ijj915arprjTjfKnjuTwwOnj1J0WFB0hHx_stpgfvdyigPLJlSTa7mWmYm_tMVt3toGkatN7iUE472iHpHdgeqCxPT-dVYlkAAi-6kvwcvLmhs0Rds03loSpps60g7-6RTZNVdU7CKZXvNRRBU7TCMiC5tdXg&p=17&fvj=1&vjs=3,02 17 2020  18:15:51
Transcriber - Artificial Intelligence,Lionbridge,Bellevue,Washington,-1,-1,False,-1,-1,30+ days ago,https://www.indeed.com//pagead/clk?mo=r&ad=-6NYlbfkN0DvLNvoGEBOZRqE6EUd3my6N3W2uQquUpa5zvGVCPZ0HEtNAY2we_ZUTC1M-uUcmrIC6M2ld4G7w8M6VnqZjfnYRRG737KUc8IjsNHrLQw3T0sPayHH6E0T8PNYmPNqI70mKy34wGqUE_vu8XNT95JAKmgrt0VWp_Pot8HsB2C5HZirF4SMViwnsnYL3Yt9EztIXVND6YvcpcXKZ86qDmox7qLMxbnXeyD0u89rGXEkcfItKBdp-93irzNS7sxCDgntsQagfdQXvnldBSlLuS9d6Bum-H-anNUT6Vbub6mGMnD0EWdqptNDkP7x3hePzDl6fgqTmxCL5g0MBF8WqTNQFzVQhMz6q3t5gMVTt95gsCEPYnVcPKstMu7hRbh8Jf8G-2NY9gnHORQSM-GhVOCtrx5KCUHs6ehYNQb1qG53ou9vZjiUUKLfC5xxnwDOrmtLEKLUT9RcgyQIm2VIRDxqXlXemKVnDGPQ_Fgi91CES2fBKmf_oxEH&p=18&fvj=1&vjs=3,02 17 2020  18:15:52
Field Engineer - Central US,Netradyne,Nashville,Tennessee,-1,-1,False,-1,-1,3 days ago,https://www.indeed.com//pagead/clk?mo=r&ad=-6NYlbfkN0B2gvQVbH1lJ4dl2RXPktf08nw5hduQ70xaKw1pSO_5drsG18UeGCTggsLJgVUe3pUhTm5nKuZcYwz-kCJXdJ17uOf-_-fVavqD2wQHzhcNZ4uOyMcaAtvOTdm1sCEh4kbwt8vrZCGyJsIv47tOtTtEgGdvvn2pTISPiW2Mxv8qpbX-1xqm4ijh-x6cg6EPBtAnsUBlWqxx9ZZhp-0SmR4taAdnqQxyoM86OL5u92uGcPUyFwt0Ku096yHJ3hxo32mTYoTtQBMnWBpRo20Bu7t4gQ9sX8FWHWpn-Qji2ZfbecYqh97zDG0u59nqPzun3CL-DkeBS_WJaEXziLanu8m8RHPtdGCDqWRL3C3ZQvoJRT73fxQU-wDK8DbN5iqsu6kw6src8ILFb5zljQ3WLscJZcMFJbREjGjavqqD91HUB-wQh3IB51eO7EXPGbA1S_Ex7JsEsjOToa4mYtWQqRpjXwCIS109rAOc1XNNmAZ8hg==&p=0&fvj=1&vjs=3,02 17 2020  18:15:52
"HSE Manager (GPU and Artificial Intelligence Industry; Santa Clara, CA)",CBRE,Santa Clara,California,-1,-1,False,-1,-1,11 days ago,https://www.indeed.com//pagead/clk?mo=r&ad=-6NYlbfkN0DIfMLMH5eMFB6047IPcht0g7S-IdG15S1-7iIlPnvpa45StPWuaX3nQnUjMVMmzvMapaEKI_gfQtN63q5MHBUqvGNWGRhVCc0tgswTanly4s08Afg4DOB0C1nfHZm9pyL-SgFO6d7SyxSIlmhbRYAlBcu_5aK0DVrIOXLPqK92CVZSeCW7k86uxczJvkz6m0x3VYoDf83dNMAiyHnO_VZZ87lWltfbl36xanH700V-89fEmn2OmFA5kLQlfMuHsL_1-mhABd4qiNZ9O2EeZOCkEMwELu4phPAeFjcTcrgTIFd9y9OmhfXJFFG1ra5tw4AKBu4voejnBrkEPbCrCDBRAPOe9nS7I93bBEK5DGjVLDsCUOgp_javEm28Pe4mj_Ux9LlfrGTHQg6zvlwkO-vN39QJdx7aaW3BNHoezqJiKQ==&p=1&fvj=0&vjs=3,02 17 2020  18:15:53
Transcriber - Artificial Intelligence,Lionbridge,Bellevue,Washington,-1,-1,False,-1,-1,30+ days ago,https://www.indeed.com//pagead/clk?mo=r&ad=-6NYlbfkN0DvLNvoGEBOZRqE6EUd3my6N3W2uQquUpa5zvGVCPZ0HEtNAY2we_ZUTC1M-uUcmrIC6M2ld4G7w8M6VnqZjfnYRRG737KUc8IjsNHrLQw3T0sPayHH6E0T8PNYmPNqI70mKy34wGqUE_vu8XNT95JAKmgrt0VWp_Pot8HsB2C5HZirF4SMViwnbLkdOuF-rEjiILMXPlaoUnisdeLuLSk2qiAnaIeHBUq3MPQHpag3KmtsjXyoXwaSlHbQMFo6GMhPyZwqMB4QvfTUIle7_rSEicQlQ-xI_gIULq1mExqN4dd2Hejq5TD0pxchcIgo92U-SGv6g4OGccvCU784gEv5HF-R-6feqnBF0P7ETmI3PJkkLnmaHRV__Ur3NZ8huoFdxuA3o84uvWUlAIOQSjbz-YRB9RNap1iPqLDAta7hg4C8ZPV0ljpEt3v8KhwhAfUBhL00SdrhIs-IC2ZWlR1WjxKb2fFPH6ptlp2PswEyloESrT3IQm-u&p=2&fvj=1&vjs=3,02 17 2020  18:15:53
Become a Software Developer. No Experience Needed,Catalyte,Chicago,Illinois,-1,-1,False,-1,-1,30+ days ago,https://www.indeed.com//pagead/clk?mo=r&ad=-6NYlbfkN0A6HPwldSVX6OGPWZzTw4TzYO7p1USA1TWZHvILz6bp-l2pMB7kcXSTBQsbDaTsw-7T5q8mDCTYDQf56RkzmjhqluJg08TkD4EcYCqKkTNqn_95i8Tw_eD1_VRHgYAkV3N3DrB2B-dZzRUMPW5lWrU9tna2vkhVGESiCV6-aQShCyjHiNu-_7Kh00AHhXXRAfh1mboSCD7nzfrcPY00AJNVAuUREjJl65nxTlzoCBU_4APq6Uh4dV20CHoDArr-CAFZtYg9MX3lAYSwkhYFJSt6nhQoitHG-mA5p46kVd74A5nOuZNDssZKD8awZ_98Pd-otTKoBYkpee_Rlfq35q6AIY30Mi93cZYUlTmjSs0AYEfebQitZajYKmQ_URBKs2hGZwdHJecHrNCsf2vdQlNms1JiaNWvseTZvS1ZYv-eBWyRnKYfHab5ruUODAL1BgHdqpSvEfhErXLMLakpwOZVAlhnisYXD5EBeb-eDlk0yLdq-v653YNX8iS0RtMWnL8=&p=3&fvj=1&vjs=3,02 17 2020  18:15:54
Annotation Analyst - Japanese Language Specialist,Apple,Austin,Texas,-1,-1,False,-1,-1,30+ days ago,https://www.indeed.com//pagead/clk?mo=r&ad=-6NYlbfkN0COaG2VYStWzzXDu33ILNMYNNKyRkXYA1E-sfa3VIMiABxJOHQMYul4EpRG3qUKrbQYgrmTMl9vy4mM7_JQGMC5yMHqbTFbSgNRHkOK47StJWcLUIQPMdIvAd14BPW4OkjwFxLKhtykOchcKi4qXIVLfnPA46nJD3c5itEICdmJ_GHVPa82nV1WIepuS35pZv2_45dI0OWe5vaNYMsQsrobtMiJybeMTypPJRzGsKfOCYV2DZNtOJsdg1UHQHe4Ro0lKoDCYYMhc_P70WZbW_QC5xUhh3TjkNWr6Z9peM28WXioOHRpUCTcmC_nhN1m4vQhlC6b7Ws_X5pRnLpoz4BodoEqTqzpo0lEKxnNHBP9iDZS5wk8Bw8kWBU1qulHtSfKnw1zCHYLf-zQsYgAU503qTqEAZOPhtCa4oPvk1_JadagTHpVZbHZy_xd1Xh83psOj6O1ifKWSSUuR8qhvl23JAOYqh3S1TPYHqpKrr6Oye0dDDSte9E8qyPw_LPrHEBkvSIT-yaCabrS5Id098HHhOYMc6N-4Ww=&p=4&fvj=0&vjs=3,02 17 2020  18:15:54
Data Engineer,Spectrum Communications & Consulting Inc.,Chicago,Illinois,-1,-1,False,-1,-1,30+ days ago,https://www.indeed.com//pagead/clk?mo=r&ad=-6NYlbfkN0CEimXm1CJh_E-tHvxPbgZMcbhx6cgdIq9Pr1R0rMl3se-Di51xSIsork6BXSpplg8x-TGVr7ZYJi-hWjwWcFZM983NSBxQonF0T3HGbHCjmMnV-5Q_9w_0pL-kIHae9bG-DBwtRK_VIL6WHKFkznvy_SaU6MsY1spF1n4hvYcJqSmZ1ku2ovEJZ9VQ42tLZ6bMsjf4sTTM_UZ_H4ZBZTT3A9kgrI8Wv_0tU6pvGysfQ2ZMPhKqH0orB3ia7UDYxddN6zcUIk-iBV8lGTfZOOxqX43lQxtpjvfP_IKrHkQ340uxB2_ANXbgiz7H2QwsfSX7-g0TvEepaWb0JdjiVBBJ8vx_7ZX50seDmh8TgNvyZVmlPfeKHSiRSPMmWSr70MN4j1u52AKDpw2agr4qGlx3W-zkQs4IFHRXUwOkVm_G_6xpBMeYoqF3iN51EYFmrYYkP1LvTrG5aOKKLkEVU999&p=5&fvj=1&vjs=3,02 17 2020  18:15:55
Summer 2020 - Robotics Engineering - Intern,Samsung Research America Internship,New York,New York,-1,-1,False,-1,-1,30+ days ago,https://www.indeed.com//rc/clk?jk=aa7bad6555c5a73a&fccid=4b0e94e84af8df77&vjs=3,02 17 2020  18:15:55
"Summer 2020 Intern, Artificial Intelligence (Austin)",Shiseido Americas Corporation,Austin,Texas,-1,-1,False,-1,-1,30+ days ago,https://www.indeed.com//rc/clk?jk=ddcef11c2c496b71&fccid=2ceaf481fc7cea39&vjs=3,02 17 2020  18:15:56
Product Intern - Summer 2020,Tempus,Chicago,Illinois,-1,-1,False,-1,-1,18 days ago,https://www.indeed.com//rc/clk?jk=afb6134b9994ffd8&fccid=8525bdcf5722dd27&vjs=3,02 17 2020  18:15:56
Intern (Artificial Intelligence),"Orbis, Inc.",Charleston,South Carolina,-1,-1,False,-1,-1,30+ days ago,https://www.indeed.com//rc/clk?jk=90f2a62ed59b51ee&fccid=61999ed7c83327a5&vjs=3,02 17 2020  18:15:56
"Intern, Artificial Intelligence (AI) Research",Autodesk,San Francisco,California,-1,-1,False,-1,-1,30+ days ago,https://www.indeed.com//rc/clk?jk=f44b31f7738f308a&fccid=7136762d065a5ad7&vjs=3,02 17 2020  18:15:57
Research Scientist,LOCKHEED MARTIN CORPORATION,Billerica,Massachusetts,-1,-1,False,-1,-1,30+ days ago,https://www.indeed.com//rc/clk?jk=c933f49164b051f9&fccid=aeb15e43a6800b9d&vjs=3,02 17 2020  18:15:57
"Data scientist (Data architect, Artificial Intelligence- Telco background)",SAIS SERVICE,Basking Ridge,New Jersey,-1,-1,False,-1,-1,5 days ago,https://www.indeed.com//company/SAIS-SERVICE/jobs/Data-Scientist-437347eb7c240e04?fccid=9bdf7daad3f70bd5&vjs=3,02 17 2020  18:15:58
Appointment Setter For Artificial Intelligence,Lead Foot Digital,Atlanta,Georgia,-1,-1,False,-1,-1,22 days ago,https://www.indeed.com//company/Lead-Foot-Digital/jobs/Appointment-Setter-Artificial-Intelligence-b17743ccb049cd30?fccid=bcd209c0bb7d0911&vjs=3,02 17 2020  18:15:58
"Associate, Artificial Intelligence & Machine Learning",Penguin Random House LLC,New York,New York,-1,-1,False,-1,-1,30+ days ago,https://www.indeed.com//rc/clk?jk=7008cfb576536c53&fccid=2e55c073eaa56262&vjs=3,02 17 2020  18:15:59
Editor,Wallet Hub,Washington,,-1,-1,False,-1,-1,30+ days ago,https://www.indeed.com//rc/clk?jk=ebf7a850eefde2e6&fccid=8c70c5727ed57268&vjs=3,02 17 2020  18:15:59
VP of Product,Instapage,San Francisco,California,-1,-1,False,-1,-1,3 days ago,https://www.indeed.com//pagead/clk?mo=r&ad=-6NYlbfkN0BnI55edZuJQDMrSRkAf5JE4oaRLT5ka8Hl30SfI14yIODq0Qc7n-QHrkk010vU-d39ZBMHZZZyrxDkvJL6aioV_WuzYx0oiLYSRKh7ViR7o934A4l5cgT_GpV7uEuCpTqtf6-RoYtnBQy19pg3-JpE176o_7Jkw9PVO_sEQvx12CFGFtNSnX1bo198UmI5o4u02lnmrKP_D8Zjd_6EaKLy_dHkCbNdKnxol6qFNtlU1O7CXUqdm9VfBmKpYHGSNmjyJPYo4oXJvKkO5RMDVP3wD_k2quYTRHvrItjMQxTj5xHBNyNBA4R4sK7pFqzurc85rwJV6tjg8XMWdpTz2zc0UxoORAAbbYoZp1X9ihyv3A81c7WCAGx79nGurCp2ToOW-L9Xnod_mmTSHBSbLt2uoWlZV-9u3fRmxgdASmEp4TvnQukJpSoWFFUbLbr-qUuE8zrtBmXV9A==&p=16&fvj=0&vjs=3,02 17 2020  18:16:00
Legal Software Sales Executive - Artificial Intelligence,1PGR,New York,New York,-1,-1,False,-1,-1,14 days ago,https://www.indeed.com//pagead/clk?mo=r&ad=-6NYlbfkN0DESHAkJp_oCfgWAqPNwfz6CVxiubfzCu8Ef-a-WJV-EQ60xgYKKIgDUkmgYFD9DHtlTDLdupH3bqYOUB3SnUJVRPbWqemo50lOqEo2NjIsevByYDZFcAWg5-z3d1coYODMeV0MJylbbbBPhIeRo9aSErMw3Vt5UY9oHJeIAIIJNVgL_N7gWZWAWlxltIVSwn8KHj5wfpFNFU82TrsuzJmBhgvwRAgw9VO3AJq1JCjaRDVBqHA6BNeAoGFLTNNjPgr3NDy9Q6n4WYzn09yPUIG7fRl292G0IjdiJmzanDaJOtCazaLsgAVn3DxWvpPJsZKWm33-9ktSLjtUiLAr-fYXmmF7QCviEZexNpTUt0JxBdBJd1iSpv-wORlCq_CgD_P0Bop2l8sb7q-sav0NE90NGzVXQxeYOHeN8FFGexlNYAVEl1H3b4Uex0hNApC3Jl6O_Kg4CIuxFCeqRQKHtC0PUiZ3Adq5Qracq5990F46QhMOvK4mF7yk_aJt3tBoUtEW18DgfT10Cw==&p=17&fvj=1&vjs=3,02 17 2020  18:16:00
Artificial Intelligence and Machine Learning Engineer,Procter & Gamble,Cincinnati,Ohio,-1,-1,False,-1,-1,10 days ago,https://www.indeed.com//pagead/clk?mo=r&ad=-6NYlbfkN0B33zOFN8GLzgQsRxgvJtNYlcIUZ-r8_DOeeUSief12Qz55-o9dfT9UdE9sGCjMKqCLiXzAgxOLIK8m_ALwddryoJBvlCsJtprivbhcNiCUNV55eDzPQdfr19UyZw4Bg9zHkU7NE7X-vPFzFkSKcGSElbagHXs_zZVWakSAjjzp63uxA7m84kVQ-e4fbo6ygxygk1GWGUHOVp5mMxV13LjbAlv0b0UrJiINIWmTuayI4AF8MoHz5-nFA_YgpYYvHy7fZqzyVw6UZ2Sx5umSscrS5Xle0q6UE-2szMVNKttOi320PThr-tE8jiIFlfflZALWdgg0Rmk1JodcepsD4MtnR1QEWJif4Tu7EOFKaIoma1jqFBzvH4f7932ttgq26NgZRkdrODRfqP1Talt2AeobmyAVrXv6M4Yx5RSEL_zntHl3cqVpALWk2T9rGq7679vTyme5ZuewLi7U7n-Qjjk1Kkq0SV-LdWo=&p=18&fvj=0&vjs=3,02 17 2020  18:16:01
Field Engineer - Central US,Netradyne,Nashville,Tennessee,-1,-1,False,-1,-1,3 days ago,https://www.indeed.com//pagead/clk?mo=r&ad=-6NYlbfkN0B2gvQVbH1lJ4dl2RXPktf08nw5hduQ70xaKw1pSO_5drsG18UeGCTggsLJgVUe3pUhTm5nKuZcYwz-kCJXdJ17uOf-_-fVavqD2wQHzhcNZ4uOyMcaAtvOTdm1sCEh4kbwt8vrZCGyJsIv47tOtTtEgGdvvn2pTISPiW2Mxv8qpbX-1xqm4ijhI5D0U20pN4XtbiPsfna7yAdzCS_AkmELNIsuJWcX4crGbzUgUn8NIjp_zFatfPuboXtBD5oRBXyZPQTivv4T7Z3gxZzCEOcAzvXUvPbIKH1BfWkJ7ZiO7RQmfdDBA0mbTBP5zcT-L_MXwU4nugcdiGn4vx8pyw3tEJ6bhg6P1H1-RmRhXcmIoTUbea5HUHa1BORnLYd3DKFrDYx0Sy0rJsq3Z7FsEOb_TeSn5Um-0Sou5ceWzG8Wnz4_KccqtXjD7x_HQt4TD_WuwySrJMlEfdfVaODCLWhDIpi0C9h3-tyr6N4Sp0nL1A==&p=0&fvj=1&vjs=3,02 17 2020  18:16:01
Legal Software Sales Executive - Artificial Intelligence,1PGR,New York,New York,-1,-1,False,-1,-1,14 days ago,https://www.indeed.com//pagead/clk?mo=r&ad=-6NYlbfkN0DESHAkJp_oCfgWAqPNwfz6CVxiubfzCu8Ef-a-WJV-EQ60xgYKKIgDUkmgYFD9DHtlTDLdupH3bqYOUB3SnUJVRPbWqemo50lOqEo2NjIsevByYDZFcAWg5-z3d1coYODMeV0MJylbbbBPhIeRo9aSErMw3Vt5UY9oHJeIAIIJNbNKEBL2xyOi5TlouUicpPNuNhdMxq9v59AdkbT8XxIdhftpMAUu-H2U1Wol2aW9FhrGR_adp920d9oRxHl9aJrlplpcDtmIUyqFnSMC4RsfsWPXFQXsZ071lRv2xdOlFjtFT1VsknD2Q6_TEbjEWkv2QGVH1CdcxQRPiBoT834sTyNCHEOiTy4flKHdloyMYaVDlcT24S-fGCVKYgiIrwXwgtHq_BjHckGt3990Qev3XiT2q3Q_MUEvp9xOsj034ECQsKnXAgqf6OdE-KgiIwBbWJKR3Y78dm_TkpLh2QWUh5Htwykqrz-IAeQoukV0JcnyLe_zC2SCw8dXuPUkuvDWg70vqt8BKQ==&p=1&fvj=1&vjs=3,02 17 2020  18:16:02
Transcriber - Artificial Intelligence,Lionbridge,Bellevue,Washington,-1,-1,False,-1,-1,30+ days ago,https://www.indeed.com//pagead/clk?mo=r&ad=-6NYlbfkN0DvLNvoGEBOZRqE6EUd3my6N3W2uQquUpa5zvGVCPZ0HEtNAY2we_ZUTC1M-uUcmrIC6M2ld4G7w8M6VnqZjfnYRRG737KUc8IjsNHrLQw3T0sPayHH6E0T8PNYmPNqI70mKy34wGqUE_vu8XNT95JAKmgrt0VWp_Pot8HsB2C5HZirF4SMViwnVOBM5TSMy03m64vhUgYxI2MOTieFzVb5zzRvKKR_mUbw_YVd5y0jxCy2JfZ4Xd0-qZlf41aMn-7jV3YlK-CHD6-KLaiR3D-Js0GjZpIjDlN6r4z5JvJEOlQYRoHNIzWAngoHptkOwJqDE1k6KqfyFfcuWmzXp-U4L-36m6Pm20bIhLX0c8XAQmNNXJ4A0bujEmtm4Yksl8VFE6Z3leSUnLg7u5Aei-SSddyo33YVu27HTYIT70qHIIv1Lb-h7ZDDymLNbHtRGX3uzuY1msQB4PY81ebSNY7r6O2m1N5YSDnn3OdTqc73skV4Av6Y16JP&p=2&fvj=1&vjs=3,02 17 2020  18:16:02
Become a Software Developer. No Experience Needed,Catalyte,Chicago,Illinois,-1,-1,False,-1,-1,30+ days ago,https://www.indeed.com//pagead/clk?mo=r&ad=-6NYlbfkN0A6HPwldSVX6OGPWZzTw4TzYO7p1USA1TWZHvILz6bp-l2pMB7kcXSTBQsbDaTsw-7T5q8mDCTYDQf56RkzmjhqluJg08TkD4EcYCqKkTNqn_95i8Tw_eD1_VRHgYAkV3N3DrB2B-dZzRUMPW5lWrU9tna2vkhVGESiCV6-aQShCyjHiNu-_7KhoNVeVxuvEi7hXuiuEmCU9GMjttNB4n66LVFtJmFKXcp-98t7zDO9PYa5X9rKcNQzeHsenGesSGd5rn481qQ17nF5pnd9Ns8BLJdfWiSseJzXGvrm6jBe1gs9-v2LKcFXUF3CIGtMoNEKvEq-xSFXV_kOptc9qTCm1C-8RLYrPTd_NzgTBiIHPbtKwEhnBerjAgd8HZUSI92UsxW0j5Kq9vwldWix2RqqTLYXg-aKO670tYt0xwMkwgdXhmJwsU6SVMD_UGNMO-uhBR4y03H3QQnCCfab2T1uqIuXme-vWwRG-c16a6bHhjk-Jzonnlq9-DdcKFhl3jY=&p=3&fvj=1&vjs=3,02 17 2020  18:16:03
Annotation Analyst - Japanese Language Specialist,Apple,Austin,Texas,-1,-1,False,-1,-1,30+ days ago,https://www.indeed.com//pagead/clk?mo=r&ad=-6NYlbfkN0COaG2VYStWzzXDu33ILNMYNNKyRkXYA1E-sfa3VIMiABxJOHQMYul4EpRG3qUKrbQYgrmTMl9vy4mM7_JQGMC5yMHqbTFbSgNRHkOK47StJWcLUIQPMdIvAd14BPW4OkjwFxLKhtykOchcKi4qXIVLfnPA46nJD3c5ErLN_efXWsKQzn4j0AU_E0o9MFDI0ftjkRK9-yqG0yxGPvRMwll_H_WRVR5P5lvwXuFHziO4AWbWvHtXKhpBQZ7ly3A8sXNJPy1QwxzbnQVGBr5uQ1keRiwCANeIdtXBy6i6OkDle4BT9vUeZGEEnV88Q6yuJzpK3RileWbz4JOP_dY2jq0jwSQgZf0Jpqqon9w_lkEszMLSoL9ESGJEu4RBecpicwPDs7h5OtSaL7pYtcj61C6qZ0i1LJJP1-rib4KqUrY--2r9TEFUZq0oQUBYOWJPMYoPR2h7kbrH_Xn91bcRK4EjdYooJA8LM498WGqn7s4j8K-WS6lUd1h9tOGiUQ2WKsNleUStEKQSa0ry3MJzZW0LIroN8svJhQY=&p=4&fvj=0&vjs=3,02 17 2020  18:16:03
Data Engineer,Spectrum Communications & Consulting Inc.,Chicago,Illinois,-1,-1,False,-1,-1,30+ days ago,https://www.indeed.com//pagead/clk?mo=r&ad=-6NYlbfkN0CEimXm1CJh_E-tHvxPbgZMcbhx6cgdIq9Pr1R0rMl3se-Di51xSIsork6BXSpplg8x-TGVr7ZYJi-hWjwWcFZM983NSBxQonF0T3HGbHCjmMnV-5Q_9w_0pL-kIHae9bG-DBwtRK_VIL6WHKFkznvy_SaU6MsY1spF1n4hvYcJqSmZ1ku2ovEJXASgsE2-WLFzoudF066y9W3hJ9ooMhlHuv_oESB4on1s0OukfB5hGoRkett6k9hUCsH-ZO-dIWT43Xj7QvSYmnoenNO2BQ7_XaxoB0wk_ytySn4L4ZxzvlfiWOPLdpY7T9FvUipL50TtkBVwu2LfuyAc_qdI-jyUDd3WUHc-3EvqPluUSzlt6EYlAyEEHVPR7GlDyGWaIgbJXY2y35JQsqN2_Ote28PXuA4JYPSbGHz-Do_GPAx8D_YZ88f-9mnHuUh7HzD9Emqo0AtYKnFy3y9q8pIET8j2&p=5&fvj=1&vjs=3,02 17 2020  18:16:04
Editor,Wallet Hub,Washington,,-1,-1,False,-1,-1,30+ days ago,https://www.indeed.com//rc/clk?jk=ebf7a850eefde2e6&fccid=8c70c5727ed57268&vjs=3,02 17 2020  18:16:04
Clinical Validation Coordinator,IDx Technologies Inc.,Chicago,Illinois,-1,-1,False,-1,-1,30+ days ago,https://www.indeed.com//rc/clk?jk=5bc7dc6684a12502&fccid=6b621e21c607aa32&vjs=3,02 17 2020  18:16:04
Artificial Intelligence Intern (Summer 2020),CDM Smith,Boston,Massachusetts,-1,-1,False,-1,-1,30+ days ago,https://www.indeed.com//rc/clk?jk=24a3fd5f9240a2f2&fccid=2f8c1faeed831782&vjs=3,02 17 2020  18:16:05
Counsel - Privacy and Information Governance,McDonald's Corporation,Chicago,Illinois,-1,-1,False,-1,-1,30 days ago,https://www.indeed.com//rc/clk?jk=b0cb981d0f08b11b&fccid=f753bb1a40104d82&vjs=3,02 17 2020  18:16:05
Stock / Forex Trader,Source Enterprises,New York,New York,-1,-1,False,-1,-1,30+ days ago,https://www.indeed.com//rc/clk?jk=311a44dba7d339f1&fccid=1577085fc2290983&vjs=3,02 17 2020  18:16:06
Appointment Setter For Artificial Intelligence,Lead Foot Digital,Atlanta,Georgia,-1,-1,False,-1,-1,22 days ago,https://www.indeed.com//company/Lead-Foot-Digital/jobs/Appointment-Setter-Artificial-Intelligence-b17743ccb049cd30?fccid=bcd209c0bb7d0911&vjs=3,02 17 2020  18:16:06
Entry-Level AI Engineer,Acronis,Tempe,Arizona,-1,-1,False,-1,-1,,https://www.glassdoor.com/partner/jobListing.htm?pos=101&ao=897614&s=149&guid=00000170550f2a11a23098583a482417&src=GD_JOB_AD&t=SRFJ&extid=4&exst=EL&ist=&ast=EL&vt=w&slr=true&cs=1_b26a06e2&cb=1581975023084&jobListingId=3338015382,02 18 2020  15:06:22
AI Engineer,Graphcore,Palo Alto,California,-1,-1,False,-1,-1,,https://www.glassdoor.com/partner/jobListing.htm?pos=102&ao=709378&s=149&guid=00000170550f2a11a23098583a482417&src=GD_JOB_AD&t=SRFJ&extid=4&exst=EL&ist=&ast=EL&vt=w&slr=true&ea=1&cs=1_e53a91c7&cb=1581975023085&jobListingId=3270499692,02 18 2020  15:06:23
Geneticist,"Alto Neuroscience, Inc",Los Altos,California,-1,-1,False,-1,-1,,https://www.glassdoor.com/partner/jobListing.htm?pos=101&ao=921083&s=58&guid=00000170550f2a118595749c358b8ae7&src=GD_JOB_AD&t=SR&extid=1&exst=EL&ist=&ast=EL&vt=w&slr=true&ea=1&cs=1_fe8b82e1&cb=1581975023086&jobListingId=3478446985,02 18 2020  15:06:25
AI Robotics Systems Test Engineer,Shield AI,San Diego,California,-1,-1,False,-1,-1,,https://www.glassdoor.com/partner/jobListing.htm?pos=102&ao=913929&s=58&guid=00000170550f2a118595749c358b8ae7&src=GD_JOB_AD&t=SR&extid=1&exst=EL&ist=&ast=EL&vt=w&slr=true&cs=1_b97add24&cb=1581975023087&jobListingId=3419725234,02 18 2020  15:06:26
"Data Scientist, Artificial Intelligence",Travelers,Hartford,Connecticut,74000,120000,False,-1,-1,,https://www.glassdoor.com/partner/jobListing.htm?pos=103&ao=128485&s=58&guid=00000170550f2a118595749c358b8ae7&src=GD_JOB_AD&t=SR&extid=1&exst=EL&ist=&ast=EL&vt=w&slr=true&cs=1_708e6031&cb=1581975023088&jobListingId=3457359621,02 18 2020  15:06:28
Research Scientist III,Trans Ova Genetics,Sioux Center,Iowa,-1,-1,False,-1,-1,,https://www.glassdoor.com/partner/jobListing.htm?pos=104&ao=841651&s=58&guid=00000170550f2a118595749c358b8ae7&src=GD_JOB_AD&t=SR&extid=1&exst=EL&ist=&ast=EL&vt=w&slr=true&cs=1_feac7abb&cb=1581975023089&jobListingId=3490539880,02 18 2020  15:06:29
Data Scientist,FCA Fiat Chrysler Automobiles,Detroit,Michigan,79000,128000,False,-1,-1,,https://www.glassdoor.com/partner/jobListing.htm?pos=105&ao=915709&s=58&guid=00000170550f2a118595749c358b8ae7&src=GD_JOB_AD&t=SR&extid=1&exst=EL&ist=&ast=EL&vt=w&slr=true&cs=1_a6dae51c&cb=1581975023090&jobListingId=3475499687,02 18 2020  15:06:31
Research Scientist (Machine Learning Engineer),Capital One,Cambridge,,-1,-1,False,-1,-1,,https://www.glassdoor.com/partner/jobListing.htm?pos=106&ao=891209&s=58&guid=00000170550f2a118595749c358b8ae7&src=GD_JOB_AD&t=SR&extid=1&exst=EL&ist=&ast=EL&vt=w&slr=true&cs=1_2d649e42&cb=1581975023091&jobListingId=3492906836,02 18 2020  15:06:32
Data Scientist,SMC 3,Louisville,Kentucky,63000,105000,False,-1,-1,,https://www.glassdoor.com/partner/jobListing.htm?pos=107&ao=849213&s=58&guid=00000170550f2a118595749c358b8ae7&src=GD_JOB_AD&t=SR&extid=1&exst=EL&ist=&ast=EL&vt=w&slr=true&cs=1_dff7a4c0&cb=1581975023092&jobListingId=3466810797,02 18 2020  15:06:41
Mid-level All-source Intelligence Analyst (Tactical Intelligence) AIS,BTS Software Solutions,,,-1,-1,False,-1,-1,,https://www.glassdoor.com/partner/jobListing.htm?pos=108&ao=934378&s=58&guid=00000170550f2a118595749c358b8ae7&src=GD_JOB_AD&t=SR&extid=1&exst=EL&ist=&ast=EL&vt=w&slr=true&cs=1_f9f8a4c8&cb=1581975023094&jobListingId=3475815852,02 18 2020  15:06:42
Mid-level All-source Intelligence Analyst AIS,BTS Software Solutions,,,-1,-1,False,-1,-1,,https://www.glassdoor.com/partner/jobListing.htm?pos=109&ao=934378&s=58&guid=00000170550f2a118595749c358b8ae7&src=GD_JOB_AD&t=SR&extid=1&exst=EL&ist=&ast=EL&vt=w&slr=true&cs=1_66481f6f&cb=1581975023094&jobListingId=3475815921,02 18 2020  15:06:43
Epic IT Analyst I,Dynamic Computing Services,Honolulu,Hawaii,-1,-1,False,-1,-1,,https://www.glassdoor.com/partner/jobListing.htm?pos=110&ao=886732&s=58&guid=00000170550f2a118595749c358b8ae7&src=GD_JOB_AD&t=SR&extid=1&exst=EL&ist=&ast=EL&vt=w&slr=true&ea=1&cs=1_6f9e8e18&cb=1581975023095&jobListingId=3453868788,02 18 2020  15:06:45
Data Scientist,Hess Corporation,Houston,Texas,98000,161000,False,-1,-1,,https://www.glassdoor.com/partner/jobListing.htm?pos=111&ao=868972&s=58&guid=00000170550f2a118595749c358b8ae7&src=GD_JOB_AD&t=SR&extid=1&exst=EL&ist=&ast=EL&vt=w&slr=true&cs=1_12378abc&cb=1581975023096&jobListingId=3492025773,02 18 2020  15:06:46
Senior Software Engineer,"Digital Reasoning Systems, Inc.",Franklin,Tennessee,71000,144000,False,-1,-1,,https://www.glassdoor.com/partner/jobListing.htm?pos=112&ao=865494&s=58&guid=00000170550f2a118595749c358b8ae7&src=GD_JOB_AD&t=SR&extid=1&exst=EL&ist=&ast=EL&vt=w&slr=true&ea=1&cs=1_6bea627f&cb=1581975023097&jobListingId=3309504901,02 18 2020  15:06:48
AI Research Engineer,Baidu USA,Sunnyvale,California,82000,133000,False,-1,-1,,https://www.glassdoor.com/partner/jobListing.htm?pos=113&ao=730256&s=58&guid=00000170550f2a118595749c358b8ae7&src=GD_JOB_AD&t=SR&extid=1&exst=EL&ist=&ast=EL&vt=w&slr=true&cs=1_7cea15be&cb=1581975023099&jobListingId=3336453035,02 18 2020  15:06:49
Data Scientist,Mars,Chicago,Illinois,-1,-1,False,-1,-1,,https://www.glassdoor.com/partner/jobListing.htm?pos=114&ao=411256&s=58&guid=00000170550f2a118595749c358b8ae7&src=GD_JOB_AD&t=SR&extid=1&exst=EL&ist=&ast=EL&vt=w&slr=true&cs=1_2bc58ba6&cb=1581975023100&jobListingId=3485485449,02 18 2020  15:06:50
AI Engineer,"INFINITY WARD, INC.",Woodland Hills,California,88000,152000,False,-1,-1,,https://www.glassdoor.com/partner/jobListing.htm?pos=115&ao=905104&s=58&guid=00000170550f2a118595749c358b8ae7&src=GD_JOB_AD&t=SR&extid=1&exst=EL&ist=&ast=EL&vt=w&slr=true&cs=1_f8b798ba&cb=1581975023101&jobListingId=3375397140,02 18 2020  15:06:51
Data Scientist,Adavance2,Los Angeles,California,-1,-1,False,-1,-1,,https://www.glassdoor.com/partner/jobListing.htm?pos=116&ao=865940&s=58&guid=00000170550f2a118595749c358b8ae7&src=GD_JOB_AD&t=SR&extid=1&exst=EL&ist=&ast=EL&vt=w&slr=true&ea=1&cs=1_71b1692b&cb=1581975023101&jobListingId=3329105637,02 18 2020  15:06:52
Data Scientist,Analysis Group,Boston,Massachusetts,81000,140000,False,-1,-1,,https://www.glassdoor.com/partner/jobListing.htm?pos=117&ao=833664&s=58&guid=00000170550f2a118595749c358b8ae7&src=GD_JOB_AD&t=SR&extid=1&exst=EL&ist=&ast=EL&vt=w&slr=true&cs=1_8b11dfc4&cb=1581975023102&jobListingId=3126078217,02 18 2020  15:06:57
"Principal Integration Developer, Data Services",Unitedhealth Group,San Antonio,Texas,125000,191000,False,-1,-1,,https://www.glassdoor.com/partner/jobListing.htm?pos=118&ao=797183&s=58&guid=00000170550f2a118595749c358b8ae7&src=GD_JOB_AD&t=SR&extid=1&exst=EL&ist=&ast=EL&vt=w&slr=true&cs=1_5fa5d9bf&cb=1581975023103&jobListingId=3421808691,02 18 2020  15:06:58
Data Scientist,C3.ai,New York,New York,103000,165000,False,-1,-1,,https://www.glassdoor.com/partner/jobListing.htm?pos=119&ao=842306&s=58&guid=00000170550f2a118595749c358b8ae7&src=GD_JOB_AD&t=SR&extid=1&exst=EL&ist=&ast=EL&vt=w&slr=true&cs=1_6dc98876&cb=1581975023104&jobListingId=2905794448,02 18 2020  15:06:59
"Data Scientist in Greensboro, NC at ITG Brands",ITG Brands,Greensboro,North Carolina,74000,119000,False,-1,-1,,https://www.glassdoor.com/partner/jobListing.htm?pos=120&ao=924737&s=58&guid=00000170550f2a118595749c358b8ae7&src=GD_JOB_AD&t=SR&extid=1&exst=EL&ist=&ast=EL&vt=w&slr=true&cs=1_d6543d8b&cb=1581975023105&jobListingId=3481061782,02 18 2020  15:07:01
Sales Engineer Rotational Group-Entry Level FAE/TSE,Xilinx,San Jose,California,82000,206000,False,-1,-1,,https://www.glassdoor.com/partner/jobListing.htm?pos=121&ao=338182&s=58&guid=00000170550f2a118595749c358b8ae7&src=GD_JOB_AD&t=SR&extid=1&exst=EL&ist=&ast=EL&vt=w&slr=true&cs=1_03aa84cd&cb=1581975023106&jobListingId=3436653444,02 18 2020  15:07:20
Data Scientist,Affinity Solutions,New York,New York,92000,153000,False,-1,-1,,https://www.glassdoor.com/partner/jobListing.htm?pos=122&ao=845207&s=58&guid=00000170550f2a118595749c358b8ae7&src=GD_JOB_AD&t=SR&extid=1&exst=EL&ist=&ast=EL&vt=w&slr=true&ea=1&cs=1_644e17ba&cb=1581975023107&jobListingId=3413181705,02 18 2020  15:07:23
Robot Vision System Performance Engineer,Vicarious,Union City,California,102000,165000,False,-1,-1,,https://www.glassdoor.com/partner/jobListing.htm?pos=123&ao=936699&s=58&guid=00000170550f2a118595749c358b8ae7&src=GD_JOB_AD&t=SR&extid=1&exst=EL&ist=&ast=EL&vt=w&slr=true&cs=1_ec1d21b6&cb=1581975023109&jobListingId=3477400239,02 18 2020  15:07:24
Data Scientist,Avlino,,,-1,-1,False,-1,-1,,https://www.glassdoor.com/partner/jobListing.htm?pos=124&ao=861816&s=58&guid=00000170550f2a118595749c358b8ae7&src=GD_JOB_AD&t=SR&extid=1&exst=EL&ist=&ast=EL&vt=w&slr=true&ea=1&cs=1_3025bc2c&cb=1581975023110&jobListingId=3329951285,02 18 2020  15:07:26
Data Scientist,General Dynamics Information Technology,Tampa,Florida,55000,92000,False,-1,-1,,https://www.glassdoor.com/partner/jobListing.htm?pos=125&ao=599329&s=58&guid=00000170550f2a118595749c358b8ae7&src=GD_JOB_AD&t=SR&extid=1&exst=EL&ist=&ast=EL&vt=w&slr=true&cs=1_29edbb8c&cb=1581975023111&jobListingId=3489842600,02 18 2020  15:07:45
Data Scientist - Sacramento,InterVision Systems,Folsom,California,69000,113000,False,-1,-1,,https://www.glassdoor.com/partner/jobListing.htm?pos=126&ao=884376&s=58&guid=00000170550f2a118595749c358b8ae7&src=GD_JOB_AD&t=SR&extid=1&exst=EL&ist=&ast=EL&vt=w&slr=true&ea=1&cs=1_de0b9a0e&cb=1581975023112&jobListingId=3469186549,02 18 2020  15:07:47
Data Scientist,TMP WORLDWIDE,McLean,Virginia,61000,103000,False,-1,-1,,https://www.glassdoor.com/partner/jobListing.htm?pos=127&ao=926145&s=58&guid=00000170550f2a118595749c358b8ae7&src=GD_JOB_AD&t=SR&extid=1&exst=EL&ist=&ast=EL&vt=w&slr=true&cs=1_db37aa40&cb=1581975023113&jobListingId=3403693981,02 18 2020  15:07:48
Security Analyst,Kingland Systems,Ames,Iowa,32000,79000,False,-1,-1,,https://www.glassdoor.com/partner/jobListing.htm?pos=128&ao=921336&s=58&guid=00000170550f2a118595749c358b8ae7&src=GD_JOB_AD&t=SR&extid=1&exst=EL&ist=&ast=EL&vt=w&slr=true&cs=1_f32e7a23&cb=1581975023114&jobListingId=3462839615,02 18 2020  15:07:49
Mid-level All-source Intelligence Analyst (Tactical Intelligence) AIS,BTS Software Solutions,,,-1,-1,False,-1,-1,,https://www.glassdoor.com/partner/jobListing.htm?pos=201&ao=934378&s=149&guid=00000170550f38d1816d73f5d6ad3b20&src=GD_JOB_AD&t=SRFJ&extid=4&exst=EL&ist=&ast=EL&vt=w&slr=true&cs=1_931d1e28&cb=1581975026952&jobListingId=3475815852,02 18 2020  15:07:50
Mid-level All-source Intelligence Analyst AIS,BTS Software Solutions,,,-1,-1,False,-1,-1,,https://www.glassdoor.com/partner/jobListing.htm?pos=202&ao=934378&s=149&guid=00000170550f38d1816d73f5d6ad3b20&src=GD_JOB_AD&t=SRFJ&extid=4&exst=EL&ist=&ast=EL&vt=w&slr=true&cs=1_d5fbf813&cb=1581975026953&jobListingId=3475815921,02 18 2020  15:07:52
Marketing Operations/Analytics Specialist,Briq,Santa Barbara,California,-1,-1,False,-1,-1,,https://www.glassdoor.com/partner/jobListing.htm?pos=201&ao=859834&s=58&guid=00000170550f38d1986cac57ff6bedb3&src=GD_JOB_AD&t=SR&extid=1&exst=EL&ist=&ast=EL&vt=w&slr=true&ea=1&cs=1_100166d0&cb=1581975026954&jobListingId=3363428385,02 18 2020  15:07:54
Data Scientist,Trupanion,,,-1,-1,False,-1,-1,,https://www.glassdoor.com/partner/jobListing.htm?pos=202&ao=844802&s=58&guid=00000170550f38d1986cac57ff6bedb3&src=GD_JOB_AD&t=SR&extid=1&exst=EL&ist=&ast=EL&vt=w&slr=true&cs=1_896ea870&cb=1581975026955&jobListingId=3456077240,02 18 2020  15:07:55
Data Scientist,Tate & Lyle,Hoffman Estates,Illinois,104000,166000,False,-1,-1,,https://www.glassdoor.com/partner/jobListing.htm?pos=203&ao=909575&s=58&guid=00000170550f38d1986cac57ff6bedb3&src=GD_JOB_AD&t=SR&extid=1&exst=EL&ist=&ast=EL&vt=w&slr=true&cs=1_7a17b841&cb=1581975026956&jobListingId=3488891476,02 18 2020  15:07:57
Senior Software Engineer,Chroma Technology Corporation,Bellows Falls,Vermont,-1,-1,False,-1,-1,,https://www.glassdoor.com/partner/jobListing.htm?pos=204&ao=907341&s=58&guid=00000170550f38d1986cac57ff6bedb3&src=GD_JOB_AD&t=SR&extid=1&exst=EL&ist=&ast=EL&vt=w&slr=true&ea=1&cs=1_266bda10&cb=1581975026958&jobListingId=3466727950,02 18 2020  15:07:58
Software Engineer,Softheon,Stony Brook,New York,47000,105000,False,-1,-1,,https://www.glassdoor.com/partner/jobListing.htm?pos=205&ao=846978&s=58&guid=00000170550f38d1986cac57ff6bedb3&src=GD_JOB_AD&t=SR&extid=1&exst=EL&ist=&ast=EL&vt=w&slr=true&ea=1&cs=1_9037e036&cb=1581975026959&jobListingId=3161159693,02 18 2020  15:07:59
Receptionist,"Insight Enterprises, Inc.",Eden Prairie,Minnesota,1000,1000,False,-1,-1,,https://www.glassdoor.com/partner/jobListing.htm?pos=206&ao=789558&s=58&guid=00000170550f38d1986cac57ff6bedb3&src=GD_JOB_AD&t=SR&extid=1&exst=EL&ist=&ast=EL&vt=w&slr=true&cs=1_23cbcb15&cb=1581975026961&jobListingId=3492202940,02 18 2020  15:08:00
"Process Development Scientist, Compound Management",Recursion Pharmaceuticals,Salt Lake City,Utah,44000,86000,False,-1,-1,,https://www.glassdoor.com/partner/jobListing.htm?pos=207&ao=894644&s=58&guid=00000170550f38d1986cac57ff6bedb3&src=GD_JOB_AD&t=SR&extid=1&exst=EL&ist=&ast=EL&vt=w&slr=true&cs=1_f9f032e6&cb=1581975026962&jobListingId=3491948159,02 18 2020  15:08:01
Machine Learning Software Engineer,Capital One,Cambridge,Massachusetts,73000,133000,False,-1,-1,,https://www.glassdoor.com/partner/jobListing.htm?pos=208&ao=891209&s=58&guid=00000170550f38d1986cac57ff6bedb3&src=GD_JOB_AD&t=SR&extid=1&exst=EL&ist=&ast=EL&vt=w&slr=true&cs=1_ea74078c&cb=1581975026964&jobListingId=3492906844,02 18 2020  15:08:02
Lead Quant Researcher,Yewno,New York,New York,42000,109000,False,-1,-1,,https://www.glassdoor.com/partner/jobListing.htm?pos=209&ao=900375&s=58&guid=00000170550f38d1986cac57ff6bedb3&src=GD_JOB_AD&t=SR&extid=1&exst=EL&ist=&ast=EL&vt=w&slr=true&ea=1&cs=1_63597e91&cb=1581975026965&jobListingId=3460374107,02 18 2020  15:08:04
Data Scientist,Vertafore,Denver,Colorado,78000,125000,False,-1,-1,,https://www.glassdoor.com/partner/jobListing.htm?pos=210&ao=903618&s=58&guid=00000170550f38d1986cac57ff6bedb3&src=GD_JOB_AD&t=SR&extid=1&exst=EL&ist=&ast=EL&vt=w&slr=true&cs=1_65429ba4&cb=1581975026966&jobListingId=3446228060,02 18 2020  15:08:05
Director Data & Analytics,Sparta Systems,Hamilton,New Jersey,32000,246000,False,-1,-1,,https://www.glassdoor.com/partner/jobListing.htm?pos=211&ao=844634&s=58&guid=00000170550f38d1986cac57ff6bedb3&src=GD_JOB_AD&t=SR&extid=1&exst=EL&ist=&ast=EL&vt=w&slr=true&cs=1_30d6b908&cb=1581975026967&jobListingId=3422120947,02 18 2020  15:08:07
Program Manager - Data and AI Governance,MassMutual,Boston,Massachusetts,47000,132000,False,-1,-1,,https://www.glassdoor.com/partner/jobListing.htm?pos=212&ao=916490&s=58&guid=00000170550f38d1986cac57ff6bedb3&src=GD_JOB_AD&t=SR&extid=1&exst=EL&ist=&ast=EL&vt=w&slr=true&cs=1_cde7ac50&cb=1581975026968&jobListingId=3355184577,02 18 2020  15:08:08
Data Scientist,Esri,Redlands,California,82000,132000,False,-1,-1,,https://www.glassdoor.com/partner/jobListing.htm?pos=213&ao=179072&s=58&guid=00000170550f38d1986cac57ff6bedb3&src=GD_JOB_AD&t=SR&extid=1&exst=EL&ist=&ast=EL&vt=w&slr=true&cs=1_199130e6&cb=1581975026977&jobListingId=3307260624,02 18 2020  15:08:09
Data Scientist,Johns Hopkins University Applied Physics Laboratory,Laurel,Maryland,100000,160000,False,-1,-1,,https://www.glassdoor.com/partner/jobListing.htm?pos=214&ao=358629&s=58&guid=00000170550f38d1986cac57ff6bedb3&src=GD_JOB_AD&t=SR&extid=1&exst=EL&ist=&ast=EL&vt=w&slr=true&cs=1_e44a13b7&cb=1581975026979&jobListingId=3269454431,02 18 2020  15:08:11
Software Quality Control Analyst,Kingland Systems,Clear Lake,Iowa,34000,41000,False,-1,-1,,https://www.glassdoor.com/partner/jobListing.htm?pos=215&ao=921336&s=58&guid=00000170550f38d1986cac57ff6bedb3&src=GD_JOB_AD&t=SR&extid=1&exst=EL&ist=&ast=EL&vt=w&slr=true&cs=1_76aadc4f&cb=1581975026981&jobListingId=3432342926,02 18 2020  15:08:12
Inside Sales Representative,BahFed,Portland,Oregon,-1,-1,False,-1,-1,,https://www.glassdoor.com/partner/jobListing.htm?pos=216&ao=870217&s=58&guid=00000170550f38d1986cac57ff6bedb3&src=GD_JOB_AD&t=SR&extid=1&exst=EL&ist=&ast=EL&vt=w&slr=true&ea=1&cs=1_a51ff46c&cb=1581975026983&jobListingId=3431886875,02 18 2020  15:08:13
Data Scientist,Northrop Grumman,Annapolis Junction,Maryland,85000,139000,False,-1,-1,,https://www.glassdoor.com/partner/jobListing.htm?pos=217&ao=459817&s=58&guid=00000170550f38d1986cac57ff6bedb3&src=GD_JOB_AD&t=SR&extid=1&exst=EL&ist=&ast=EL&vt=w&slr=true&cs=1_0c7074ef&cb=1581975026984&jobListingId=3467084430,02 18 2020  15:08:15
"Manager, Provider Success","Globality, Inc.",,,-1,-1,False,-1,-1,,https://www.glassdoor.com/partner/jobListing.htm?pos=218&ao=895009&s=58&guid=00000170550f38d1986cac57ff6bedb3&src=GD_JOB_AD&t=SR&extid=1&exst=EL&ist=&ast=EL&vt=w&slr=true&ea=1&cs=1_f94cba48&cb=1581975026986&jobListingId=3425980114,02 18 2020  15:08:22
